{"id": "w7w3-xahh", "name": "Legally Operating Businesses", "attribution": "Department of Consumer Affairs (DCA)", "averageRating": 0, "category": "Business", "createdAt": 1425675688, "description": "This data set features businesses/individuals holding a DCA license so that they may legally operate in New York City. Note: Sightseeing guides and temporary street fair vendors are not included in this data set.", "displayType": "table", "downloadCount": 20549, "hideFromCatalog": false, "hideFromDataJson": false, "indexUpdatedAt": 1565383344, "newBackend": true, "numberOfComments": 12, "oid": 28304865, "provenance": "official", "publicationAppendEnabled": false, "publicationDate": 1522166046, "publicationGroup": 2429938, "publicationStage": "published", "rowClass": "", "rowsUpdatedAt": 1576273556, "rowsUpdatedBy": "5fuc-pqz2", "tableId": 14962478, "totalTimesRated": 0, "viewCount": 40384, "viewLastModified": 1542992237, "viewType": "tabular", "approvals": [{"reviewedAt": 1522166046, "reviewedAutomatically": true, "state": "approved", "submissionId": 1070160, "submissionObject": "public_audience_request", "submissionOutcome": "change_audience", "submittedAt": 1522166046, "workflowId": 2285, "submissionDetails": {"permissionType": "READ"}, "submissionOutcomeApplication": {"failureCount": 0, "status": "success"}, "submitter": {"id": "5fuc-pqz2", "displayName": "NYC OpenData"}}], "columns": [{"id": 351473351, "name": "DCA License Number", "dataTypeName": "text", "description": "An identification number issued to businesses/individuals to operate legally for the duration of their license term.", "fieldName": "license_nbr", "position": 1, "renderTypeName": "text", "tableColumnId": 26157789, "width": 188, "cachedContents": {"largest": "2092926-DCA", "non_null": "200850", "null": "0", "top": [{"item": "1374839-DCA", "count": "2"}, {"item": "2003600-DCA", "count": "2"}, {"item": "0010669-DCA", "count": "1"}, {"item": "0010711-DCA", "count": "1"}, {"item": "0010971-DCA", "count": "1"}, {"item": "0010985-DCA", "count": "1"}, {"item": "0011341-DCA", "count": "1"}, {"item": "0020885-DCA", "count": "1"}, {"item": "0011543-DCA", "count": "1"}, {"item": "0011544-DCA", "count": "1"}, {"item": "0011671-DCA", "count": "1"}, {"item": "0012609-DCA", "count": "1"}, {"item": "0014098-DCA", "count": "1"}, {"item": "0016016-DCA", "count": "1"}, {"item": "0131386-DCA", "count": "1"}, {"item": "0253283-DCA", "count": "1"}, {"item": "0021103-DCA", "count": "1"}, {"item": "0021329-DCA", "count": "1"}, {"item": "0024405-DCA", "count": "1"}, {"item": "0024528-DCA", "count": "1"}], "smallest": "0002902-DCA", "not_null": "200375", "cardinality": "200848"}, "format": {"align": "left"}}, {"id": 351473352, "name": "License Type", "dataTypeName": "text", "description": "DCA offers two license types:\nBusiness. License is issued to an entity/organization based on their address.\nIndividual. License is issued to an individual person.", "fieldName": "license_type", "position": 2, "renderTypeName": "text", "tableColumnId": 26157790, "width": 147, "cachedContents": {"largest": "Individual", "non_null": "200850", "null": "0", "top": [{"item": "Business", "count": "128535"}, {"item": "Individual", "count": "72315"}], "smallest": "Business", "not_null": "200375", "cardinality": "2"}, "format": {"align": "left"}}, {"id": 351473353, "name": "License Expiration Date", "dataTypeName": "calendar_date", "description": "Expiration date of DCA License.", "fieldName": "lic_expir_dd", "position": 3, "renderTypeName": "calendar_date", "tableColumnId": 26157791, "width": 193, "cachedContents": {"largest": "2022-03-31T00:00:00.000", "non_null": "200816", "null": "34", "top": [{"item": "2021-02-28T00:00:00.000", "count": "29626"}, {"item": "2015-02-28T00:00:00.000", "count": "6720"}, {"item": "2020-12-31T00:00:00.000", "count": "6610"}, {"item": "2017-02-28T00:00:00.000", "count": "6513"}, {"item": "2020-03-31T00:00:00.000", "count": "6154"}, {"item": "2019-02-28T00:00:00.000", "count": "6100"}, {"item": "2017-12-31T00:00:00.000", "count": "5815"}, {"item": "2021-12-31T00:00:00.000", "count": "4742"}, {"item": "2021-07-31T00:00:00.000", "count": "4673"}, {"item": "2019-12-31T00:00:00.000", "count": "3895"}, {"item": "2016-12-31T00:00:00.000", "count": "3833"}, {"item": "2013-06-30T00:00:00.000", "count": "3688"}, {"item": "2018-12-31T00:00:00.000", "count": "3677"}, {"item": "2013-10-31T00:00:00.000", "count": "3601"}, {"item": "2010-12-31T00:00:00.000", "count": "3364"}, {"item": "2014-12-31T00:00:00.000", "count": "3309"}, {"item": "2011-06-30T00:00:00.000", "count": "3290"}, {"item": "2011-10-31T00:00:00.000", "count": "3224"}, {"item": "2015-12-31T00:00:00.000", "count": "3210"}, {"item": "2012-12-31T00:00:00.000", "count": "3145"}], "smallest": "2010-01-02T00:00:00.000", "not_null": "200342", "cardinality": "1531"}, "format": {"view": "date", "align": "left"}}, {"id": 351473354, "name": "License Status", "dataTypeName": "text", "fieldName": "license_status", "position": 4, "renderTypeName": "text", "tableColumnId": 61231985, "width": 100, "cachedContents": {"largest": "Inactive", "non_null": "200850", "null": "0", "top": [{"item": "Inactive", "count": "124151"}, {"item": "Active", "count": "76699"}], "smallest": "Active", "not_null": "200375", "cardinality": "2"}, "format": {}}, {"id": 351473355, "name": "License Creation Date", "dataTypeName": "calendar_date", "fieldName": "license_creation_date", "position": 5, "renderTypeName": "calendar_date", "tableColumnId": 61232055, "width": 126, "cachedContents": {"largest": "2019-12-12T00:00:00.000", "non_null": "200850", "null": "0", "top": [{"item": "2018-02-23T00:00:00.000", "count": "293"}, {"item": "2016-07-29T00:00:00.000", "count": "176"}, {"item": "2018-06-12T00:00:00.000", "count": "168"}, {"item": "2017-11-28T00:00:00.000", "count": "157"}, {"item": "2017-11-20T00:00:00.000", "count": "155"}, {"item": "2016-07-15T00:00:00.000", "count": "151"}, {"item": "2017-11-21T00:00:00.000", "count": "141"}, {"item": "2017-11-16T00:00:00.000", "count": "138"}, {"item": "2018-06-20T00:00:00.000", "count": "137"}, {"item": "2017-11-30T00:00:00.000", "count": "137"}, {"item": "2017-12-11T00:00:00.000", "count": "136"}, {"item": "2012-05-17T00:00:00.000", "count": "136"}, {"item": "2017-11-29T00:00:00.000", "count": "135"}, {"item": "2016-07-18T00:00:00.000", "count": "130"}, {"item": "2017-11-27T00:00:00.000", "count": "129"}, {"item": "2018-06-19T00:00:00.000", "count": "127"}, {"item": "2018-06-18T00:00:00.000", "count": "126"}, {"item": "2018-05-30T00:00:00.000", "count": "126"}, {"item": "2013-01-29T00:00:00.000", "count": "126"}, {"item": "2017-03-01T00:00:00.000", "count": "125"}], "smallest": "1977-01-24T00:00:00.000", "not_null": "200375", "cardinality": "6886"}, "format": {"view": "date", "align": "left"}}, {"id": 351473356, "name": "Industry", "dataTypeName": "text", "fieldName": "industry", "position": 6, "renderTypeName": "text", "tableColumnId": 61232259, "width": 157, "cachedContents": {"largest": "Tow Truck Exemption", "non_null": "200850", "null": "0", "top": [{"item": "Home Improvement Salesperson", "count": "32835"}, {"item": "Home Improvement Contractor", "count": "29923"}, {"item": "Tobacco Retail Dealer", "count": "24420"}, {"item": "Secondhand Dealer - General", "count": "12483"}, {"item": "Electronics Store", "count": "10580"}, {"item": "Tow Truck Driver", "count": "7668"}, {"item": "Stoop Line Stand", "count": "6511"}, {"item": "Sightseeing Guide", "count": "6256"}, {"item": "General Vendor", "count": "6240"}, {"item": "Pedicab Driver", "count": "6037"}, {"item": "Electronic & Appliance Service", "count": "5239"}, {"item": "Laundries", "count": "4498"}, {"item": "Laundry", "count": "4310"}, {"item": "Locksmith", "count": "4072"}, {"item": "Debt Collection Agency", "count": "4011"}, {"item": "Process Server Individual", "count": "3923"}, {"item": "Ticket Seller", "count": "3361"}, {"item": "Electronic Cigarette Dealer", "count": "3134"}, {"item": "Sidewalk Cafe", "count": "3090"}, {"item": "Laundry Jobber", "count": "3053"}], "smallest": "Amusement Arcade", "not_null": "200375", "cardinality": "59"}, "format": {}}, {"id": 351473357, "name": "Business Name", "dataTypeName": "text", "description": "The legal business name as filed with the New York State Secretary of State or County Clerk or if individual, the\nperson\u2019s first name and last name.", "fieldName": "business_name", "position": 7, "renderTypeName": "text", "tableColumnId": 26157793, "width": 242, "cachedContents": {"largest": "ZZZ CARPENTRY, INC.", "non_null": "200799", "null": "51", "top": [{"item": "T-MOBILE NORTHEAST LLC", "count": "609"}, {"item": "DUANE READE", "count": "501"}, {"item": "RADIOSHACK CORPORATION", "count": "432"}, {"item": "SP PLUS CORPORATION", "count": "218"}, {"item": "SPRINT SPECTRUM L.P.", "count": "207"}, {"item": "WONDERLAND MIDWAY CORP.", "count": "197"}, {"item": "RITE AID OF NEW YORK, INC.", "count": "154"}, {"item": "CENTRAL PARKING SYSTEM OF NEW YORK,INC.", "count": "152"}, {"item": "FAMILY DOLLAR STORES OF NEW YORK, INC.", "count": "149"}, {"item": "GAMESTOP INC.", "count": "149"}, {"item": "CVS ALBANY, L.L.C", "count": "137"}, {"item": "AT&T MOBILITY SUPPLY, LLC", "count": "136"}, {"item": "STAPLES THE OFFICE SUPERSTORE EAST INC.", "count": "124"}, {"item": "OMNIPOINT COMMUNICATIONS INC.", "count": "111"}, {"item": "NEW YORK SMSA LIMITED PARTNERSHIP", "count": "111"}, {"item": "PAY-O-MATIC CHECK CASHING CORP.", "count": "96"}, {"item": "WALGREEN EASTERN CO., INC.", "count": "96"}, {"item": "BOLLA OPERATING CORP.", "count": "82"}, {"item": "BEST BUY STORES, L.P.", "count": "81"}, {"item": "RENT-A-CENTER EAST, INC.", "count": "81"}], "smallest": "0000 AUTO RESCUE TRANSPORT CORP.", "not_null": "200323", "cardinality": "157425"}, "format": {"align": "left"}}, {"id": 351473358, "name": "Business Name 2", "dataTypeName": "text", "description": "If applicable, the Doing-Business-As (DBA)/trade name.", "fieldName": "business_name_2", "position": 8, "renderTypeName": "text", "tableColumnId": 34069085, "width": 186, "cachedContents": {"largest": "ZVAPE", "non_null": "32769", "null": "168081", "top": [{"item": "T-MOBILE", "count": "291"}, {"item": "T-Mobile", "count": "188"}, {"item": "AT&T MOBILITY", "count": "182"}, {"item": "VERIZON WIRELESS", "count": "141"}, {"item": "T-Mobile 4110", "count": "132"}, {"item": "Sprint", "count": "117"}, {"item": "HUDSON NEWS", "count": "95"}, {"item": "METRO PCS", "count": "86"}, {"item": "AT&T Mobility", "count": "83"}, {"item": "RADIOSHACK CORPORATION", "count": "66"}, {"item": "T-MOBILE #8154", "count": "52"}, {"item": "IMPARK", "count": "47"}, {"item": "STAPLES THE OFFICE SUPERSTORE", "count": "43"}, {"item": "BOOST MOBILE", "count": "43"}, {"item": "GGMC", "count": "41"}, {"item": "CENTRAL PARKING SYSTEM", "count": "37"}, {"item": "GEM PAWNBROKERS", "count": "35"}, {"item": "BP", "count": "32"}, {"item": "RUSSELL CELLULAR", "count": "32"}, {"item": "RadioShack", "count": "31"}], "smallest": "`", "not_null": "32718", "cardinality": "24689"}, "format": {"align": "left"}}, {"id": 351473359, "name": "Address Building", "dataTypeName": "text", "description": "The building number of the business\u2019s address.", "fieldName": "address_building", "position": 9, "renderTypeName": "text", "tableColumnId": 26157795, "width": 196, "cachedContents": {"largest": "W 41ST ST", "non_null": "127787", "null": "73063", "top": [{"item": "1", "count": "482"}, {"item": "200", "count": "448"}, {"item": "2", "count": "345"}, {"item": "10", "count": "325"}, {"item": "50", "count": "303"}, {"item": "100", "count": "283"}, {"item": "7", "count": "283"}, {"item": "15", "count": "267"}, {"item": "20", "count": "263"}, {"item": "55", "count": "252"}, {"item": "45", "count": "249"}, {"item": "40", "count": "244"}, {"item": "150", "count": "233"}, {"item": "30", "count": "229"}, {"item": "5", "count": "228"}, {"item": "25", "count": "227"}, {"item": "210", "count": "226"}, {"item": "S/E/C", "count": "212"}, {"item": "300", "count": "212"}, {"item": "4", "count": "203"}], "smallest": "0", "not_null": "127511", "cardinality": "13134"}, "format": {"align": "left"}}, {"id": 351473360, "name": "Address Street Name", "dataTypeName": "text", "description": "The street name of the business\u2019s address.", "fieldName": "address_street_name", "position": 10, "renderTypeName": "text", "tableColumnId": 26157796, "width": 172, "cachedContents": {"largest": "ZUERICHSTRASSE 5", "non_null": "128534", "null": "72316", "top": [{"item": "BROADWAY", "count": "3731"}, {"item": "3RD AVE", "count": "1813"}, {"item": "5TH AVE", "count": "1652"}, {"item": "JAMAICA AVE", "count": "1576"}, {"item": "ROOSEVELT AVE", "count": "1175"}, {"item": "8TH AVE", "count": "1113"}, {"item": "2ND AVE", "count": "1112"}, {"item": "FULTON ST", "count": "970"}, {"item": "QUEENS BLVD", "count": "894"}, {"item": "NORTHERN BLVD", "count": "892"}, {"item": "LIBERTY AVE", "count": "847"}, {"item": "WHITE PLAINS RD", "count": "845"}, {"item": "1ST AVE", "count": "822"}, {"item": "NOSTRAND AVE", "count": "812"}, {"item": "MYRTLE AVE", "count": "795"}, {"item": "FLATBUSH AVE", "count": "774"}, {"item": "7TH AVE", "count": "770"}, {"item": "AMSTERDAM AVE", "count": "743"}, {"item": "ATLANTIC AVE", "count": "734"}, {"item": "HILLSIDE AVE", "count": "734"}], "smallest": "1006 AVENUE OF THE AMERICAS", "not_null": "128258", "cardinality": "11019"}, "format": {"align": "left"}}, {"id": 351473361, "name": "Secondary Address Street Name", "dataTypeName": "text", "description": "The cross-street of the business\u2019s address.", "fieldName": "address_street_name_2", "position": 11, "renderTypeName": "text", "tableColumnId": 26157797, "width": 196, "cachedContents": {"largest": "YORK AVENUE", "non_null": "1981", "null": "198869", "top": [{"item": "6 AVENUE", "count": "49"}, {"item": "8 AVENUE", "count": "48"}, {"item": "BROADWAY", "count": "34"}, {"item": "LEXINGTON AVENUE", "count": "27"}, {"item": "3 AVENUE", "count": "23"}, {"item": "7 AVENUE", "count": "20"}, {"item": "MADISON AVENUE", "count": "20"}, {"item": "5 AVENUE", "count": "19"}, {"item": "WILLIAM STREET", "count": "15"}, {"item": "WEST   54 STREET", "count": "14"}, {"item": "WEST   57 STREET", "count": "13"}, {"item": "QUEENS BOULEVARD", "count": "13"}, {"item": "EAST   53 STREET", "count": "13"}, {"item": "WEST   49 STREET", "count": "13"}, {"item": "2 AVENUE", "count": "12"}, {"item": "BOWERY", "count": "12"}, {"item": "PARK AVENUE SOUTH", "count": "11"}, {"item": "EAST   28 STREET", "count": "11"}, {"item": "WEST   58 STREET", "count": "11"}, {"item": "WEST   36 STREET", "count": "10"}], "smallest": "`", "not_null": "1977", "cardinality": "986"}, "format": {"align": "left"}}, {"id": 351473362, "name": "Address City", "dataTypeName": "text", "description": "The city where the business is located.", "fieldName": "address_city", "position": 12, "renderTypeName": "text", "tableColumnId": 26157798, "width": 148, "cachedContents": {"largest": "ZIONSVILLE", "non_null": "200141", "null": "709", "top": [{"item": "BROOKLYN", "count": "49800"}, {"item": "NEW YORK", "count": "37301"}, {"item": "BRONX", "count": "24389"}, {"item": "STATEN ISLAND", "count": "11062"}, {"item": "JAMAICA", "count": "4972"}, {"item": "FLUSHING", "count": "4688"}, {"item": "ASTORIA", "count": "4108"}, {"item": "CORONA", "count": "2130"}, {"item": "WOODSIDE", "count": "1760"}, {"item": "RIDGEWOOD", "count": "1719"}, {"item": "ELMHURST", "count": "1593"}, {"item": "OZONE PARK", "count": "1470"}, {"item": "YONKERS", "count": "1179"}, {"item": "MASPETH", "count": "1111"}, {"item": "FOREST HILLS", "count": "1103"}, {"item": "RICHMOND HILL", "count": "1096"}, {"item": "JACKSON HEIGHTS", "count": "1048"}, {"item": "BAYSIDE", "count": "1004"}, {"item": "EAST ELMHURST", "count": "918"}, {"item": "SOUTH RICHMOND HILL", "count": "874"}], "smallest": "1634 METRO MANILA", "not_null": "199668", "cardinality": "2872"}, "format": {"align": "left"}}, {"id": 351473363, "name": "Address State", "dataTypeName": "text", "description": "The state where the business is located.", "fieldName": "address_state", "position": 13, "renderTypeName": "text", "tableColumnId": 26157799, "width": 143, "cachedContents": {"largest": "YT", "non_null": "200019", "null": "831", "top": [{"item": "NY", "count": "189127"}, {"item": "NJ", "count": "5371"}, {"item": "PA", "count": "1054"}, {"item": "CT", "count": "597"}, {"item": "CA", "count": "401"}, {"item": "FL", "count": "378"}, {"item": "TX", "count": "364"}, {"item": "GA", "count": "276"}, {"item": "IL", "count": "189"}, {"item": "MA", "count": "167"}, {"item": "VA", "count": "145"}, {"item": "OH", "count": "140"}, {"item": "AZ", "count": "137"}, {"item": "MD", "count": "128"}, {"item": "MN", "count": "115"}, {"item": "CO", "count": "102"}, {"item": "NV", "count": "91"}, {"item": "NC", "count": "82"}, {"item": "MO", "count": "76"}, {"item": "IN", "count": "75"}], "smallest": "12", "not_null": "199545", "cardinality": "142"}, "format": {"align": "left"}}, {"id": 351473364, "name": "Address ZIP", "dataTypeName": "text", "description": "The zip code where the business is located.", "fieldName": "address_zip", "position": 14, "renderTypeName": "text", "tableColumnId": 26157800, "width": 136, "cachedContents": {"largest": "V8Z 0", "non_null": "200117", "null": "733", "top": [{"item": "11385", "count": "2562"}, {"item": "11214", "count": "2417"}, {"item": "11220", "count": "2354"}, {"item": "11368", "count": "2176"}, {"item": "11235", "count": "2142"}, {"item": "11218", "count": "1988"}, {"item": "10314", "count": "1955"}, {"item": "11223", "count": "1917"}, {"item": "10036", "count": "1912"}, {"item": "11234", "count": "1899"}, {"item": "11372", "count": "1852"}, {"item": "11230", "count": "1814"}, {"item": "11207", "count": "1810"}, {"item": "11229", "count": "1793"}, {"item": "11377", "count": "1787"}, {"item": "11226", "count": "1767"}, {"item": "10002", "count": "1740"}, {"item": "10467", "count": "1695"}, {"item": "11209", "count": "1684"}, {"item": "11208", "count": "1670"}], "smallest": "0", "not_null": "199643", "cardinality": "3585"}, "format": {"precisionStyle": "standard", "noCommas": "true", "align": "right"}}, {"id": 351473365, "name": "Contact Phone Number", "dataTypeName": "text", "description": "Contact telephone number for legally operating business.", "fieldName": "contact_phone", "position": 15, "renderTypeName": "text", "tableColumnId": 26157801, "width": 160, "cachedContents": {"largest": "Q476738809", "non_null": "191135", "null": "9715", "top": [{"item": "9999999999", "count": "361"}, {"item": "2125025490", "count": "307"}, {"item": "6308572106", "count": "278"}, {"item": "2123561139", "count": "265"}, {"item": "2126869800", "count": "229"}, {"item": "212-356-5288", "count": "209"}, {"item": "8174152812", "count": "202"}, {"item": "718???????", "count": "152"}, {"item": "718-623-2151", "count": "149"}, {"item": "7189289920", "count": "139"}, {"item": "717-761-2633", "count": "135"}, {"item": "18003782753", "count": "124"}, {"item": "718-847-2872", "count": "121"}, {"item": "2124903460", "count": "120"}, {"item": "3473466941", "count": "117"}, {"item": "2127367171", "count": "111"}, {"item": "7183424854", "count": "95"}, {"item": "5164964900", "count": "95"}, {"item": "718-672-7781", "count": "92"}, {"item": "7189999999", "count": "90"}], "smallest": "???????", "not_null": "190658", "cardinality": "133054"}, "format": {"align": "right"}}, {"id": 351473366, "name": "Address Borough", "dataTypeName": "text", "description": "The borough where the business is located.", "fieldName": "address_borough", "position": 16, "renderTypeName": "text", "tableColumnId": 34069086, "width": 100, "cachedContents": {"largest": "Staten Island", "non_null": "127596", "null": "73254", "top": [{"item": "Brooklyn", "count": "33984"}, {"item": "Queens", "count": "31504"}, {"item": "Manhattan", "count": "27843"}, {"item": "Bronx", "count": "16727"}, {"item": "Outside NYC", "count": "10968"}, {"item": "Staten Island", "count": "6493"}, {"item": "MANHATTAN", "count": "35"}, {"item": "QUEENS", "count": "17"}, {"item": "BROOKLYN", "count": "16"}, {"item": "BRONX", "count": "9"}], "smallest": "Bronx", "not_null": "127320", "cardinality": "10"}, "format": {"align": "left"}}, {"id": 351473367, "name": "Borough Code", "dataTypeName": "text", "description": "Provides the following information for each listed license category:\n\nAmusement Device: device name(s)\n\nCabaret / Catering Establishment: capacity of largest room, number of additional rooms\n\nGames of Chance: type of game\n\nGarage / Parking Lot: number of vehicle and bicycle spaces\n\nSidewalk Cafe: type, square footage, number of tables and chairs\n\uf0b7 Stoop Line Stand: product category; number of 4-foot, 5-foot, and 5.01 to 10-foot stands\n\nTow Truck Company, Tow Truck Exemption, Horse Drawn Cab Owner, Sightseeing Bus, Pedicab Business:\nactive vehicles", "fieldName": "detail", "position": 17, "renderTypeName": "text", "tableColumnId": 34071066, "width": 100, "cachedContents": {"largest": "5", "non_null": "116628", "null": "84222", "top": [{"item": "3", "count": "34000"}, {"item": "4", "count": "31521"}, {"item": "1", "count": "27878"}, {"item": "2", "count": "16736"}, {"item": "5", "count": "6493"}], "smallest": "1", "not_null": "116377", "cardinality": "5"}, "format": {"displayStyle": "plain", "align": "left"}}, {"id": 351473368, "name": "Community Board", "dataTypeName": "text", "fieldName": "community_board", "position": 18, "renderTypeName": "text", "tableColumnId": 61232354, "width": 100, "cachedContents": {"largest": "595", "non_null": "113578", "null": "87272", "top": [{"item": "105", "count": "4919"}, {"item": "401", "count": "3441"}, {"item": "407", "count": "3423"}, {"item": "412", "count": "3317"}, {"item": "311", "count": "2984"}, {"item": "108", "count": "2954"}, {"item": "405", "count": "2866"}, {"item": "501", "count": "2657"}, {"item": "103", "count": "2590"}, {"item": "409", "count": "2567"}, {"item": "301", "count": "2501"}, {"item": "312", "count": "2440"}, {"item": "112", "count": "2413"}, {"item": "104", "count": "2365"}, {"item": "102", "count": "2356"}, {"item": "403", "count": "2329"}, {"item": "315", "count": "2318"}, {"item": "305", "count": "2234"}, {"item": "307", "count": "2215"}, {"item": "404", "count": "2160"}], "smallest": "101", "not_null": "113330", "cardinality": "69"}, "format": {}}, {"id": 351473369, "name": "Council District", "dataTypeName": "text", "fieldName": "council_district", "position": 19, "renderTypeName": "text", "tableColumnId": 61232358, "width": 100, "cachedContents": {"largest": "9", "non_null": "113903", "null": "86947", "top": [{"item": "3", "count": "3241"}, {"item": "38", "count": "3025"}, {"item": "26", "count": "2938"}, {"item": "03", "count": "2817"}, {"item": "04", "count": "2767"}, {"item": "17", "count": "2727"}, {"item": "21", "count": "2713"}, {"item": "34", "count": "2677"}, {"item": "30", "count": "2590"}, {"item": "47", "count": "2563"}, {"item": "33", "count": "2559"}, {"item": "28", "count": "2503"}, {"item": "43", "count": "2500"}, {"item": "37", "count": "2494"}, {"item": "22", "count": "2486"}, {"item": "15", "count": "2482"}, {"item": "49", "count": "2451"}, {"item": "48", "count": "2295"}, {"item": "39", "count": "2274"}, {"item": "27", "count": "2259"}], "smallest": "01", "not_null": "113655", "cardinality": "60"}, "format": {}}, {"id": 351473370, "name": "BIN", "dataTypeName": "text", "fieldName": "bin", "position": 20, "renderTypeName": "text", "tableColumnId": 61232368, "width": 100, "cachedContents": {"largest": "BERNARD ST", "non_null": "112126", "null": "88724", "top": [{"item": "0", "count": "1675"}, {"item": "4000000", "count": "503"}, {"item": "3000000", "count": "497"}, {"item": "2000000", "count": "302"}, {"item": "1000000", "count": "271"}, {"item": "1039975", "count": "80"}, {"item": "5039658", "count": "80"}, {"item": "5106026", "count": "79"}, {"item": "1000812", "count": "77"}, {"item": "1080999", "count": "76"}, {"item": "4045999", "count": "75"}, {"item": "5000000", "count": "75"}, {"item": "3326830", "count": "73"}, {"item": "3319842", "count": "73"}, {"item": "5003864", "count": "71"}, {"item": "1034472", "count": "69"}, {"item": "1034345", "count": "54"}, {"item": "1083268", "count": "53"}, {"item": "3245158", "count": "52"}, {"item": "1034356", "count": "49"}], "smallest": "0", "not_null": "111885", "cardinality": "48519"}, "format": {}}, {"id": 351473371, "name": "BBL", "dataTypeName": "text", "fieldName": "bbl", "position": 21, "renderTypeName": "text", "tableColumnId": 61232369, "width": 100, "cachedContents": {"largest": "7722/0006", "non_null": "112128", "null": "88722", "top": [{"item": "4000000000", "count": "751"}, {"item": "3000000000", "count": "404"}, {"item": "2000000000", "count": "363"}, {"item": "5000000000", "count": "101"}, {"item": "5024000180", "count": "80"}, {"item": "1013480049", "count": "80"}, {"item": "5033450021", "count": "79"}, {"item": "1000220020", "count": "77"}, {"item": "1010990043", "count": "76"}, {"item": "4018600100", "count": "75"}, {"item": "3084700055", "count": "74"}, {"item": "3071410001", "count": "73"}, {"item": "5001490229", "count": "71"}, {"item": "1012630007", "count": "69"}, {"item": "4142600001", "count": "67"}, {"item": "1000000000", "count": "63"}, {"item": "1012620056", "count": "54"}, {"item": "1010320029", "count": "53"}, {"item": "3086960212", "count": "52"}, {"item": "1009720001", "count": "50"}], "smallest": "0000000000", "not_null": "111887", "cardinality": "48782"}, "format": {}}, {"id": 351473372, "name": "NTA", "dataTypeName": "text", "fieldName": "nta", "position": 22, "renderTypeName": "text", "tableColumnId": 61232370, "width": 100, "cachedContents": {"largest": "SI54", "non_null": "112956", "null": "87894", "top": [{"item": "MN17", "count": "3570"}, {"item": "MN13", "count": "1814"}, {"item": "QN70", "count": "1555"}, {"item": "QN61", "count": "1541"}, {"item": "MN24", "count": "1468"}, {"item": "BK28", "count": "1458"}, {"item": "QN28", "count": "1438"}, {"item": "MN23", "count": "1422"}, {"item": "QN54", "count": "1374"}, {"item": "QN22", "count": "1370"}, {"item": "QN55", "count": "1333"}, {"item": "BK42", "count": "1323"}, {"item": "BK34", "count": "1301"}, {"item": "QN31", "count": "1291"}, {"item": "MN12", "count": "1273"}, {"item": "BK31", "count": "1256"}, {"item": "QN29", "count": "1235"}, {"item": "BK61", "count": "1222"}, {"item": "QN20", "count": "1221"}, {"item": "MN27", "count": "1212"}], "smallest": "BK09", "not_null": "113028", "cardinality": "193"}, "format": {}}, {"id": 351473373, "name": "Census Tract", "dataTypeName": "text", "fieldName": "census_tract", "position": 23, "renderTypeName": "text", "tableColumnId": 61232371, "width": 100, "cachedContents": {"largest": "999", "non_null": "112956", "null": "87894", "top": [{"item": "96", "count": "1066"}, {"item": "33", "count": "535"}, {"item": "41", "count": "515"}, {"item": "76", "count": "484"}, {"item": "65", "count": "467"}, {"item": "21", "count": "452"}, {"item": "138", "count": "447"}, {"item": "289", "count": "441"}, {"item": "226", "count": "434"}, {"item": "58", "count": "433"}, {"item": "108", "count": "427"}, {"item": "63", "count": "427"}, {"item": "8", "count": "416"}, {"item": "871", "count": "413"}, {"item": "104", "count": "407"}, {"item": "54", "count": "407"}, {"item": "134", "count": "396"}, {"item": "16", "count": "394"}, {"item": "283", "count": "372"}, {"item": "101", "count": "363"}], "smallest": "1", "not_null": "113028", "cardinality": "1308"}, "format": {}}, {"id": 351473374, "name": "Detail", "dataTypeName": "text", "fieldName": "detail_2", "position": 24, "renderTypeName": "text", "tableColumnId": 61232372, "width": 100, "cachedContents": {"largest": "Vehicle Spaces: 9, Bicycle Spaces: 0", "non_null": "28294", "null": "172556", "top": [{"item": "General Vendor Type: General Vendor (White)", "count": "4488"}, {"item": "Laundry Type: Retail Laundry", "count": "4386"}, {"item": "Product Category: Fruits, Vegetables, Soft Drinks, or Flowers, 4 foot stands: 2, 5 foot stands: 0, 5.01 to 10 foot stands: 0", "count": "1744"}, {"item": "General Vendor Type: Citywide Specialized Vendor (Yellow)", "count": "1592"}, {"item": "Product Category: Fruits, Vegetables, Soft Drinks, or Flowers, 4 foot stands: 1, 5 foot stands: 0, 5.01 to 10 foot stands: 0", "count": "1573"}, {"item": "Product Category: Fruits, Vegetables, Soft Drinks, or Flowers, 4 foot stands: 3, 5 foot stands: 0, 5.01 to 10 foot stands: 0", "count": "574"}, {"item": "Product Category: Fruits, Vegetables, Soft Drinks, or Flowers, 4 foot stands: 4, 5 foot stands: 0, 5.01 to 10 foot stands: 0", "count": "465"}, {"item": "Product Category: Fruits, Vegetables, Soft Drinks, or Flowers, 4 foot stands: 0, 5 foot stands: 2, 5.01 to 10 foot stands: 0", "count": "287"}, {"item": "Product Category: Fruits, Vegetables, Soft Drinks, or Flowers, 4 foot stands: 0, 5 foot stands: 1, 5.01 to 10 foot stands: 0", "count": "242"}, {"item": "Product Category: Fruits, Vegetables, Soft Drinks, or Flowers, 4 foot stands: 5, 5 foot stands: 0, 5.01 to 10 foot stands: 0", "count": "225"}, {"item": "Product Category: Ice Cream, 4 foot stands: 1, 5 foot stands: 0, 5.01 to 10 foot stands: 0", "count": "202"}, {"item": "Product Category: Fruits, Vegetables, Soft Drinks, or Flowers, 4 foot stands: 6, 5 foot stands: 0, 5.01 to 10 foot stands: 0", "count": "193"}, {"item": "Type of Game: Raffles", "count": "158"}, {"item": "General Vendor Type: Midtown Specialized Vendor (Blue)", "count": "153"}, {"item": "Product Category: Fruits, Vegetables, Soft Drinks, or Flowers, 4 foot stands: 0, 5 foot stands: 3, 5.01 to 10 foot stands: 0", "count": "122"}, {"item": "Vehicle Spaces: 100, Bicycle Spaces: 10", "count": "113"}, {"item": "Vehicle Spaces: 150, Bicycle Spaces: 15", "count": "107"}, {"item": "Product Category: Fruits, Vegetables, Soft Drinks, or Flowers, 4 foot stands: 7, 5 foot stands: 0, 5.01 to 10 foot stands: 0", "count": "92"}, {"item": "Product Category: Fruits, Vegetables, Soft Drinks, or Flowers, 4 foot stands: 0, 5 foot stands: 4, 5.01 to 10 foot stands: 0", "count": "89"}, {"item": "Product Category: Fruits, Vegetables, Soft Drinks, or Flowers, 4 foot stands: 8, 5 foot stands: 0, 5.01 to 10 foot stands: 0", "count": "85"}], "smallest": "Active Plate Numbers:  2067, 2066, 2086", "not_null": "28203", "cardinality": "6463"}, "format": {}}, {"id": 351473375, "name": "Longitude", "dataTypeName": "text", "fieldName": "longitude", "position": 25, "renderTypeName": "text", "tableColumnId": 38555546, "width": 100, "cachedContents": {"largest": "-77.51958437167269", "non_null": "120423", "null": "80427", "top": [{"item": "-77.51958437167269", "count": "6477"}, {"item": "-74.01290870587448", "count": "117"}, {"item": "-74.09273396175914", "count": "79"}, {"item": "-73.96606610619004", "count": "79"}, {"item": "-73.994288822108", "count": "76"}, {"item": "-73.87157752015248", "count": "75"}, {"item": "-73.98021409065545", "count": "73"}, {"item": "-73.98029180455218", "count": "68"}, {"item": "-74.10971949809645", "count": "54"}, {"item": "-73.97985510928227", "count": "54"}, {"item": "-73.99056478174674", "count": "53"}, {"item": "-73.7882418550958", "count": "53"}, {"item": "-73.92228135465105", "count": "49"}, {"item": "-74.16905699863874", "count": "48"}, {"item": "-73.91207676927651", "count": "45"}, {"item": "-73.99032117788977", "count": "44"}, {"item": "-74.16905343328875", "count": "44"}, {"item": "-73.79611172540667", "count": "41"}, {"item": "-73.8278101499982", "count": "40"}, {"item": "-74.1499569876538", "count": "40"}], "smallest": "-73.70092927652794", "not_null": "120175", "cardinality": "59228"}, "format": {}}, {"id": 351473376, "name": "Latitude", "dataTypeName": "text", "fieldName": "latitude", "position": 26, "renderTypeName": "text", "tableColumnId": 38555547, "width": 100, "cachedContents": {"largest": "40.9120628714794", "non_null": "120423", "null": "80427", "top": [{"item": "40.11238533659802", "count": "6477"}, {"item": "40.70627017391471", "count": "117"}, {"item": "40.758226846199264", "count": "79"}, {"item": "40.58681343710673", "count": "79"}, {"item": "40.7673634610938", "count": "76"}, {"item": "40.73384724725437", "count": "75"}, {"item": "40.59371115538032", "count": "73"}, {"item": "40.757395755909464", "count": "68"}, {"item": "40.63887274108108", "count": "54"}, {"item": "40.75719256925158", "count": "54"}, {"item": "40.756192112317805", "count": "53"}, {"item": "40.64824355950897", "count": "53"}, {"item": "40.609935781046715", "count": "49"}, {"item": "40.58229088205099", "count": "48"}, {"item": "40.77498788055509", "count": "45"}, {"item": "40.74351684700602", "count": "44"}, {"item": "40.5823046113327", "count": "44"}, {"item": "40.70738036880798", "count": "41"}, {"item": "40.58644558626793", "count": "40"}, {"item": "40.83252936572888", "count": "40"}], "smallest": "40.11238533659802", "not_null": "120175", "cardinality": "59228"}, "format": {}}, {"id": 351473377, "name": "Location", "dataTypeName": "location", "fieldName": "location", "position": 27, "renderTypeName": "location", "tableColumnId": 62918102, "width": 100, "format": {}}, {"id": 351475555, "name": "Zip Codes", "dataTypeName": "number", "fieldName": ":@computed_region_efsh_h5xi", "position": 32, "renderTypeName": "number", "tableColumnId": 62918244, "computationStrategy": {"source_columns": ["location"], "type": "georegion_match_on_point", "parameters": {"region": "_efsh-h5xi", "primary_key": "_feature_id"}}, "format": {}}, {"id": 351475556, "name": "Community Districts", "dataTypeName": "number", "fieldName": ":@computed_region_f5dn_yrer", "position": 33, "renderTypeName": "number", "tableColumnId": 62918245, "computationStrategy": {"source_columns": ["location"], "type": "georegion_match_on_point", "parameters": {"region": "_f5dn-yrer", "primary_key": "_feature_id"}}, "format": {}}, {"id": 351475557, "name": "Borough Boundaries", "dataTypeName": "number", "fieldName": ":@computed_region_yeji_bk3q", "position": 34, "renderTypeName": "number", "tableColumnId": 62918246, "computationStrategy": {"source_columns": ["location"], "type": "georegion_match_on_point", "parameters": {"region": "_yeji-bk3q", "primary_key": "_feature_id"}}, "format": {}}, {"id": 351475558, "name": "City Council Districts", "dataTypeName": "number", "fieldName": ":@computed_region_92fq_4b7q", "position": 35, "renderTypeName": "number", "tableColumnId": 62918247, "computationStrategy": {"source_columns": ["location"], "type": "georegion_match_on_point", "parameters": {"region": "_92fq-4b7q", "primary_key": "_feature_id"}}, "format": {}}, {"id": 351475559, "name": "Police Precincts", "dataTypeName": "number", "fieldName": ":@computed_region_sbqj_enih", "position": 36, "renderTypeName": "number", "tableColumnId": 62918248, "computationStrategy": {"source_columns": ["location"], "type": "georegion_match_on_point", "parameters": {"region": "_sbqj-enih", "primary_key": "_feature_id"}}, "format": {}}], "grants": [{"inherited": false, "type": "viewer", "flags": ["public"]}], "metadata": {"rdfSubject": "0", "rdfClass": "", "attachments": [{"filename": "DCA Legally Operating Businesses Data Dictionary.pdf", "assetId": "2f5116f9-cdab-4b81-b49c-940d1cdf6b52", "name": "DCA Legally Operating Businesses Data Dictionary.pdf"}, {"filename": "DCA_Legally_Operating_Businesses_03062015.xlsx", "assetId": "f84ecc05-503c-442e-89b9-be3af3707684", "name": "DCA_Legally_Operating_Businesses_03062015.xlsx"}, {"filename": "Legally Operating Businesses_10272017.xlsb", "assetId": "46054408-0f0c-4f19-b4f1-3cd8b9a5805d", "name": "Legally Operating Businesses_10272017.xlsb"}], "custom_fields": {"Update": {"Automation": "Yes", "Date Made Public": "2/22/2016", "Update Frequency": "Weekly"}, "Legislative Compliance": {"Geo-coding Attached?": "No"}, "Dataset Information": {"Agency": "Department of Consumer Affairs (DCA)"}}, "rowLabel": "Row", "availableDisplayTypes": ["table", "fatrow", "page"], "renderTypeConfig": {"visible": {"table": true}}}, "owner": {"id": "5fuc-pqz2", "displayName": "NYC OpenData", "profileImageUrlLarge": "/api/users/5fuc-pqz2/profile_images/LARGE", "profileImageUrlMedium": "/api/users/5fuc-pqz2/profile_images/THUMB", "profileImageUrlSmall": "/api/users/5fuc-pqz2/profile_images/TINY", "screenName": "NYC OpenData", "type": "interactive", "userSegment": "site_member", "flags": ["acceptedEula", "mayBeStoriesCoOwner"]}, "query": {}, "rights": ["read"], "tableAuthor": {"id": "5fuc-pqz2", "displayName": "NYC OpenData", "profileImageUrlLarge": "/api/users/5fuc-pqz2/profile_images/LARGE", "profileImageUrlMedium": "/api/users/5fuc-pqz2/profile_images/THUMB", "profileImageUrlSmall": "/api/users/5fuc-pqz2/profile_images/TINY", "screenName": "NYC OpenData", "type": "interactive", "userSegment": "site_member", "flags": ["acceptedEula", "mayBeStoriesCoOwner"]}, "tags": ["city government", "business", "dca", "department of consumer affairs", "license", "2018od4a-video"], "flags": ["default", "restorable", "restorePossibleForType"]}